Time, Quantity
96,20000.000000000004
97,40000.00000000001
98,59999.99999999999
99,80000.00000000001
100,100000.0
101,120000.0
102,140000.00000000003
103,159999.99999999997
104,180000.00000000003
105,200000.0000000001
106,199999.99999999994
107,199999.99999999997
108,200000.00000000006
109,199999.99999999997
