Time, Quantity
7,39999.999999999985
8,59999.999999999985
9,79999.99999999999
10,80000.00000000003
11,99999.99999999999
12,119999.99999999994
13,140000.00000000003
14,159999.99999999997
15,180000.00000000003
16,200000.0
17,200000.00000000006
18,200000.0
19,200000.00000000003
20,200000.0
21,200000.0000000001
22,199999.99999999997
23,199999.99999999997
24,199999.99999999994
25,199999.99999999997
26,200000.0
27,199999.99999999997
28,200000.00000000012
29,199999.99999999994
30,200000.00000000006
31,199999.99999999997
32,199999.99999999997
33,200000.0000000001
34,200000.0
35,200000.00000000003
36,200000.0
37,200000.00000000003
38,199999.99999999994
39,200000.00000000003
40,200000.0
41,200000.0
42,200000.0
43,199999.9999999999
44,199999.99999999994
45,199999.99999999994
46,200000.0
47,199999.99999999997
48,200000.0
49,200000.0
50,200000.0
51,200000.0000000001
52,199999.99999999997
53,200000.0
54,199999.99999999997
55,200000.00000000003
56,200000.0
57,200000.0
58,200000.0
59,200000.00000000003
60,199999.99999999997
61,200000.00000000003
62,200000.00000000003
63,199999.99999999994
64,200000.00000000003
65,200000.0
66,200000.00000000003
67,200000.0
68,199999.99999999997
69,199999.99999999994
70,200000.0
71,199999.99999999997
72,199999.99999999994
73,200000.0
74,199999.9999999999
75,200000.00000000003
76,200000.0
77,199999.99999999997
78,200000.00000000006
79,200000.00000000006
80,200000.00000000003
81,199999.9999999999
82,199999.99999999994
83,200000.0
84,200000.00000000006
85,200000.0000000001
86,199999.99999999994
87,200000.0000000001
88,199999.99999999997
89,200000.0
90,200000.0
91,200000.00000000003
92,200000.00000000003
93,200000.0
94,200000.0
95,199999.99999999997
96,180000.00000000003
97,159999.9999999999
98,140000.00000000003
99,119999.99999999999
100,99999.99999999999
101,80000.0
102,60000.00000000001
103,40000.00000000001
104,20000.0
